feature_id,label
F0001,marker_001
F0002,marker_002
F0003,marker_003
F0004,marker_004
F0005,marker_005
F0006,marker_006
F0007,marker_007
F0008,marker_008
F0009,marker_009
F0010,marker_010
F0011,marker_011
F0012,marker_012
F0013,marker_013
F0014,marker_014
F0015,marker_015
F0016,marker_016
F0017,marker_017
F0018,marker_018
F0019,marker_019
F0020,marker_020
F0021,marker_021
F0022,marker_022
F0023,marker_023
F0024,marker_024
F0025,marker_025
F0026,marker_026
F0027,marker_027
F0028,marker_028
F0029,marker_029
F0030,marker_030
F0031,marker_031
F0032,marker_032
F0033,marker_033
F0034,marker_034
F0035,marker_035
F0036,marker_036
F0037,marker_037
F0038,marker_038
F0039,marker_039
F0040,marker_040
F0041,marker_041
F0042,marker_042
F0043,marker_043
F0044,marker_044
F0045,marker_045
F0046,marker_046
F0047,marker_047
F0048,marker_048
F0049,marker_049
F0050,marker_050
F0051,marker_051
F0052,marker_052
F0053,marker_053
F0054,marker_054
F0055,marker_055
F0056,marker_056
F0057,marker_057
F0058,marker_058
F0059,marker_059
F0060,marker_060
F0061,marker_061
F0062,marker_062
F0063,marker_063
F0064,marker_064
F0065,marker_065
F0066,marker_066
F0067,marker_067
F0068,marker_068
F0069,marker_069
F0070,marker_070
F0071,marker_071
F0072,marker_072
F0073,marker_073
F0074,marker_074
F0075,marker_075
F0076,marker_076
F0077,marker_077
F0078,marker_078
F0079,marker_079
F0080,marker_080
F0081,marker_081
F0082,marker_082
F0083,marker_083
F0084,marker_084
F0085,marker_085
F0086,marker_086
F0087,marker_087
F0088,marker_088
F0089,marker_089
F0090,marker_090
F0091,marker_091
F0092,marker_092
F0093,marker_093
F0094,marker_094
F0095,marker_095
F0096,marker_096
F0097,marker_097
F0098,marker_098
F0099,marker_099
F0100,marker_100
F0101,marker_101
F0102,marker_102
F0103,marker_103
F0104,marker_104
F0105,marker_105
F0106,marker_106
F0107,marker_107
F0108,marker_108
F0109,marker_109
F0110,marker_110
F0111,marker_111
F0112,marker_112
F0113,marker_113
F0114,marker_114
F0115,marker_115
F0116,marker_116
F0117,marker_117
F0118,marker_118
F0119,marker_119
F0120,marker_120
F0121,marker_121
F0122,marker_122
F0123,marker_123
F0124,marker_124
F0125,marker_125
F0126,marker_126
F0127,marker_127
F0128,marker_128
F0129,marker_129
F0130,marker_130
F0131,marker_131
F0132,marker_132
F0133,marker_133
F0134,marker_134
F0135,marker_135
F0136,marker_136
F0137,marker_137
F0138,marker_138
F0139,marker_139
F0140,marker_140
F0141,marker_141
F0142,marker_142
F0143,marker_143
F0144,marker_144
F0145,marker_145
F0146,marker_146
F0147,marker_147
F0148,marker_148
F0149,marker_149
F0150,marker_150
F0151,marker_151
F0152,marker_152
F0153,marker_153
F0154,marker_154
F0155,marker_155
F0156,marker_156
F0157,marker_157
F0158,marker_158
F0159,marker_159
F0160,marker_160
F0161,marker_161
F0162,marker_162
F0163,marker_163
F0164,marker_164
F0165,marker_165
F0166,marker_166
F0167,marker_167
F0168,marker_168
F0169,marker_169
F0170,marker_170
F0171,marker_171
F0172,marker_172
F0173,marker_173
F0174,marker_174
F0175,marker_175
F0176,marker_176
F0177,marker_177
F0178,marker_178
F0179,marker_179
F0180,marker_180
F0181,marker_181
F0182,marker_182
F0183,marker_183
F0184,marker_184
F0185,marker_185
F0186,marker_186
F0187,marker_187
F0188,marker_188
F0189,marker_189
F0190,marker_190
F0191,marker_191
F0192,marker_192
F0193,marker_193
F0194,marker_194
F0195,marker_195
F0196,marker_196
F0197,marker_197
F0198,marker_198
F0199,marker_199
F0200,marker_200
F0201,marker_201
F0202,marker_202
F0203,marker_203
F0204,marker_204
F0205,marker_205
F0206,marker_206
F0207,marker_207
F0208,marker_208
F0209,marker_209
F0210,marker_210
F0211,marker_211
F0212,marker_212
F0213,marker_213
F0214,marker_214
F0215,marker_215
F0216,marker_216
F0217,marker_217
F0218,marker_218
F0219,marker_219
F0220,marker_220
F0221,marker_221
F0222,marker_222
F0223,marker_223
F0224,marker_224
F0225,marker_225
F0226,marker_226
F0227,marker_227
F0228,marker_228
F0229,marker_229
F0230,marker_230
F0231,marker_231
F0232,marker_232
F0233,marker_233
F0234,marker_234
F0235,marker_235
F0236,marker_236
F0237,marker_237
F0238,marker_238
F0239,marker_239
F0240,marker_240
F0241,marker_241
F0242,marker_242
F0243,marker_243
F0244,marker_244
F0245,marker_245
F0246,marker_246
F0247,marker_247
F0248,marker_248
F0249,marker_249
F0250,marker_250
F0251,marker_251
F0252,marker_252
F0253,marker_253
F0254,marker_254
F0255,marker_255
F0256,marker_256
F0257,marker_257
F0258,marker_258
F0259,marker_259
F0260,marker_260
F0261,marker_261
F0262,marker_262
F0263,marker_263
F0264,marker_264
F0265,marker_265
F0266,marker_266
F0267,marker_267
F0268,marker_268
F0269,marker_269
F0270,marker_270
F0271,marker_271
F0272,marker_272
F0273,marker_273
F0274,marker_274
F0275,marker_275
F0276,marker_276
F0277,marker_277
F0278,marker_278
F0279,marker_279
F0280,marker_280
F0281,marker_281
F0282,marker_282
F0283,marker_283
F0284,marker_284
F0285,marker_285
F0286,marker_286
F0287,marker_287
F0288,marker_288
F0289,marker_289
F0290,marker_290
F0291,marker_291
F0292,marker_292
F0293,marker_293
F0294,marker_294
F0295,marker_295
F0296,marker_296
F0297,marker_297
F0298,marker_298
F0299,marker_299
F0300,marker_300
